{
  "config": {
    "dtype": "bfloat16",
    "enforce_eager": false,
    "gpu_count": 1,
    "gpu_memory_utilization": 0.85,
    "gpu_type": "A100"
  },
  "failure": null,
  "layer": "l2_topology",
  "measurement": {
    "extra": {
      "goodput": 3.5068332683054098,
      "max_kl": 15.030523572979288,
      "tpot_p50_ms": 15.209965112767502,
      "ttft_p50_ms": 7825.114762177691
    },
    "kl_divergence": 2.051529114131216,
    "peak_hbm_gb": 0.0,
    "tokens_per_sec": 743.9418013091024,
    "tpot_p99_ms": 102.32932888592276,
    "ttft_p99_ms": 8308.216101801954
  },
  "stale": false,
  "trial_id": "l2_topology_w0002"
}