{
  "config": {
    "dtype": "float16",
    "enforce_eager": false,
    "gpu_count": 1,
    "gpu_memory_utilization": 0.85,
    "gpu_type": "H100"
  },
  "failure": null,
  "layer": "l2_topology",
  "measurement": {
    "extra": {
      "goodput": 3.9230674736121713,
      "max_kl": 20.692741731899755,
      "tpot_p50_ms": 14.323875414906176,
      "ttft_p50_ms": 6785.43295734562
    },
    "kl_divergence": 4.439543698797017,
    "peak_hbm_gb": 0.0,
    "tokens_per_sec": 832.2419857692571,
    "tpot_p99_ms": 16.3783578599519,
    "ttft_p99_ms": 6789.457487794571
  },
  "stale": false,
  "trial_id": "l2_topology_w0003"
}