{
  "config": {
    "dtype": "bfloat16",
    "enforce_eager": false,
    "gpu_count": 1,
    "gpu_memory_utilization": 0.85,
    "gpu_type": "H100"
  },
  "failure": null,
  "layer": "l2_topology",
  "measurement": {
    "extra": {
      "goodput": 4.2198682031663575,
      "max_kl": 20.11021992123934,
      "tpot_p50_ms": 11.26445373465505,
      "ttft_p50_ms": 6430.090142181143
    },
    "kl_divergence": 1.9169778026763578,
    "peak_hbm_gb": 0.0,
    "tokens_per_sec": 895.205478037338,
    "tpot_p99_ms": 30.0148814421284,
    "ttft_p99_ms": 6438.791854106821
  },
  "stale": false,
  "trial_id": "l2_topology_w0000"
}