{
  "config": {
    "dtype": "bfloat16",
    "enforce_eager": false,
    "gpu_count": 1,
    "gpu_memory_utilization": 0.9156395312601235,
    "gpu_type": "A100"
  },
  "failure": null,
  "layer": "l2_topology",
  "measurement": {
    "extra": {
      "goodput": 3.481357587079519,
      "max_kl": 20.419198677832725,
      "tpot_p50_ms": 16.020972799095844,
      "ttft_p50_ms": 8077.260898659006
    },
    "kl_divergence": 1.241312646244334,
    "peak_hbm_gb": 0.0,
    "tokens_per_sec": 738.5373743715411,
    "tpot_p99_ms": 124.69309971202163,
    "ttft_p99_ms": 8436.191664086655
  },
  "stale": false,
  "trial_id": "l2_topology_s0001"
}