{
  "config": {
    "dtype": "bfloat16",
    "enforce_eager": false,
    "gpu_count": 1,
    "gpu_memory_utilization": 0.85,
    "gpu_type": "H100"
  },
  "failure": null,
  "layer": "l2_topology",
  "measurement": {
    "extra": {
      "goodput": 4.225817389274686,
      "max_kl": 20.895094396183087,
      "tpot_p50_ms": 11.79350301269248,
      "ttft_p50_ms": 6242.853934178129
    },
    "kl_divergence": 3.452873214169197,
    "peak_hbm_gb": 0.0,
    "tokens_per_sec": 896.4675420966003,
    "tpot_p99_ms": 13.559986532357978,
    "ttft_p99_ms": 6251.111431950703
  },
  "stale": true,
  "trial_id": "l2_topology_w0000"
}