{
  "config": {
    "attention_backend": "FLASHINFER",
    "block_size": 32,
    "dtype": "bfloat16",
    "enable_chunked_prefill": true,
    "enable_prefix_caching": false,
    "gpu_memory_utilization": 0.9,
    "kv_cache_dtype": "auto",
    "max_num_batched_tokens": 8192,
    "max_num_seqs": 64,
    "quantization": "none"
  },
  "failure": null,
  "layer": "l1_engine",
  "measurement": {
    "extra": {
      "goodput": 3.8356864133345123,
      "max_kl": 20.992356636906003,
      "tpot_p50_ms": 21.363576082631223,
      "ttft_p50_ms": 1086.064928676933
    },
    "kl_divergence": 3.3914611486974264,
    "peak_hbm_gb": 71.9658203125,
    "tokens_per_sec": 813.7049130287918,
    "tpot_p99_ms": 111.0589129012076,
    "ttft_p99_ms": 1496.084600938484
  },
  "pareto_eligible": true,
  "stale": true,
  "trial_id": "l1_engine_w0001"
}