{
  "config": {
    "attention_backend": "FLASH_ATTN",
    "block_size": 16,
    "dtype": "bfloat16",
    "enable_chunked_prefill": true,
    "enable_prefix_caching": true,
    "gpu_memory_utilization": 0.85,
    "kv_cache_dtype": "auto",
    "max_num_batched_tokens": 4096,
    "max_num_seqs": 128,
    "quantization": "none"
  },
  "failure": null,
  "layer": "l1_engine",
  "measurement": {
    "extra": {
      "goodput": 2.026077767440993,
      "max_kl": 20.99466079878617,
      "tpot_p50_ms": 26.407420160274906,
      "ttft_p50_ms": 14589.33548303321
    },
    "kl_divergence": 3.7507758770272206,
    "peak_hbm_gb": 68.1884765625,
    "tokens_per_sec": 429.81340388353686,
    "tpot_p99_ms": 133.7844201860327,
    "ttft_p99_ms": 15082.898134482093
  },
  "pareto_eligible": true,
  "stale": true,
  "trial_id": "l1_engine_w0000"
}