{
  "config": {
    "attention_backend": "FLASHINFER",
    "block_size": 32,
    "dtype": "bfloat16",
    "enable_chunked_prefill": true,
    "enable_prefix_caching": true,
    "gpu_memory_utilization": 0.89,
    "kv_cache_dtype": "auto",
    "max_num_batched_tokens": 6144,
    "max_num_seqs": 128,
    "quantization": "none"
  },
  "failure": null,
  "layer": "l1_engine",
  "measurement": {
    "extra": {
      "goodput": 3.5716542694842146,
      "max_kl": 20.874101710206794,
      "tpot_p50_ms": 23.956694112712285,
      "ttft_p50_ms": 1281.8462308496237
    },
    "kl_divergence": 2.2248738479817622,
    "peak_hbm_gb": 71.3876953125,
    "tokens_per_sec": 757.6929690122997,
    "tpot_p99_ms": 86.35570509957948,
    "ttft_p99_ms": 1480.851328750141
  },
  "pareto_eligible": true,
  "stale": true,
  "trial_id": "l1_engine_o0009"
}