{
  "config": {
    "dtype": "auto",
    "enforce_eager": false,
    "gpu_count": 1,
    "gpu_memory_utilization": 0.8,
    "gpu_type": "A100"
  },
  "failure": null,
  "layer": "l2_topology",
  "measurement": {
    "extra": {
      "goodput": 3.5473226339555044,
      "max_kl": 12.191225867884992,
      "tpot_p50_ms": 15.632620810682758,
      "ttft_p50_ms": 7663.7299412395805
    },
    "kl_divergence": 1.7595917801348215,
    "peak_hbm_gb": 0.0,
    "tokens_per_sec": 752.531240643967,
    "tpot_p99_ms": 125.04791657129921,
    "ttft_p99_ms": 8144.543871032074
  },
  "pareto_eligible": true,
  "stale": false,
  "trial_id": "l2_topology_w0003"
}