{
  "config": {
    "dtype": "bfloat16",
    "enforce_eager": false,
    "gpu_count": 2,
    "gpu_memory_utilization": 0.88,
    "gpu_type": "A100"
  },
  "failure": null,
  "layer": "l2_topology",
  "measurement": {
    "extra": {
      "goodput": 4.397691213398391,
      "max_kl": 20.988525423235693,
      "tpot_p50_ms": 10.002537183182694,
      "ttft_p50_ms": 7921.309756115079
    },
    "kl_divergence": 2.822362167694627,
    "peak_hbm_gb": 0.0,
    "tokens_per_sec": 932.9289625673432,
    "tpot_p99_ms": 83.83106731876198,
    "ttft_p99_ms": 8192.84054969903
  },
  "pareto_eligible": true,
  "stale": false,
  "trial_id": "l2_topology_w0000"
}