{
  "config": {
    "dtype": "bfloat16",
    "enforce_eager": false,
    "gpu_count": 1,
    "gpu_memory_utilization": 0.85,
    "gpu_type": "A100"
  },
  "failure": null,
  "layer": "l2_topology",
  "measurement": {
    "extra": {
      "goodput": 3.4958734581333877,
      "max_kl": 20.498094970248733,
      "tpot_p50_ms": 15.669716190104925,
      "ttft_p50_ms": 7911.647386000368
    },
    "kl_divergence": 4.799268232911448,
    "peak_hbm_gb": 0.0,
    "tokens_per_sec": 741.6167803293282,
    "tpot_p99_ms": 128.18508251155174,
    "ttft_p99_ms": 8398.89457021949
  },
  "stale": false,
  "trial_id": "l2_topology_w0001"
}