{
  "config": {
    "attention_backend": "TRITON_ATTN",
    "block_size": 32,
    "dtype": "bfloat16",
    "enable_chunked_prefill": true,
    "enable_prefix_caching": false,
    "gpu_memory_utilization": 0.85,
    "kv_cache_dtype": "auto",
    "max_num_batched_tokens": 8192,
    "max_num_seqs": 256,
    "quantization": "none"
  },
  "failure": null,
  "layer": "l1_engine",
  "measurement": {
    "extra": {
      "goodput": 2.85079875729239,
      "max_kl": 16.074891644912903,
      "tpot_p50_ms": 31.202246122305805,
      "ttft_p50_ms": 1195.9002170042368
    },
    "kl_divergence": 2.6967777055424236,
    "peak_hbm_gb": 39.2138671875,
    "tokens_per_sec": 604.770230121231,
    "tpot_p99_ms": 148.76390803023216,
    "ttft_p99_ms": 1750.5870963336201
  },
  "pareto_eligible": true,
  "stale": false,
  "trial_id": "l1_engine_o0019"
}