{
  "config": {
    "attention_backend": "FLASHINFER",
    "block_size": 16,
    "dtype": "bfloat16",
    "enable_chunked_prefill": true,
    "enable_prefix_caching": true,
    "gpu_memory_utilization": 0.87,
    "kv_cache_dtype": "auto",
    "max_num_batched_tokens": 8192,
    "max_num_seqs": 128,
    "quantization": "none"
  },
  "failure": null,
  "layer": "l1_engine",
  "measurement": {
    "extra": {
      "goodput": 1.6611476866793302,
      "max_kl": 16.34548849073032,
      "tpot_p50_ms": 29.82539749766387,
      "ttft_p50_ms": 17183.603534504073
    },
    "kl_divergence": 2.520350553241781,
    "peak_hbm_gb": 39.8994140625,
    "tokens_per_sec": 352.3969084694573,
    "tpot_p99_ms": 137.3002072097731,
    "ttft_p99_ms": 17696.291406458186
  },
  "pareto_eligible": true,
  "stale": true,
  "trial_id": "l1_engine_o0004"
}