{
  "config": {
    "dtype": "bfloat16",
    "enforce_eager": true,
    "gpu_count": 1,
    "gpu_memory_utilization": 0.85,
    "gpu_type": "H100"
  },
  "failure": null,
  "layer": "l2_topology",
  "measurement": {
    "extra": {
      "goodput": 3.5712869396117055,
      "max_kl": 12.203849406708924,
      "tpot_p50_ms": 15.037764666730423,
      "ttft_p50_ms": 6582.340301494696
    },
    "kl_divergence": 1.8724352844590761,
    "peak_hbm_gb": 0.0,
    "tokens_per_sec": 757.6150434235644,
    "tpot_p99_ms": 17.412834839584924,
    "ttft_p99_ms": 6607.939342505124
  },
  "pareto_eligible": true,
  "stale": false,
  "trial_id": "l2_topology_w0001"
}