{
  "config": {
    "dtype": "auto",
    "enforce_eager": false,
    "gpu_count": 1,
    "gpu_memory_utilization": 0.92,
    "gpu_type": "A100"
  },
  "failure": null,
  "layer": "l2_topology",
  "measurement": {
    "extra": {
      "goodput": 3.520890326270143,
      "max_kl": 21.143518113839136,
      "tpot_p50_ms": 15.641879195952619,
      "ttft_p50_ms": 7752.701969497139
    },
    "kl_divergence": 2.4030719056780305,
    "peak_hbm_gb": 0.0,
    "tokens_per_sec": 746.9238743714021,
    "tpot_p99_ms": 103.29125417794168,
    "ttft_p99_ms": 8229.938354835904
  },
  "pareto_eligible": true,
  "stale": false,
  "trial_id": "l2_topology_w0003"
}