{
  "config": {
    "dtype": "bfloat16",
    "shape_regime": "large",
    "target_op": "silu_mul"
  },
  "failure": null,
  "layer": "l3_kernel",
  "measurement": {
    "extra": {
      "goodput": 2.9228050467579845,
      "kernel_is_reference": 1.0,
      "kernel_source_sha_int": 116339952232582.0,
      "max_abs_err": 0.0,
      "max_kl_observed": 15.837909384989251,
      "tpot_p50_ms": 30.693841528740485,
      "ttft_p50_ms": 1223.2076864893315
    },
    "kl_divergence": 2.216695113648532,
    "peak_hbm_gb": 41.48828125,
    "tokens_per_sec": 620.045689372393,
    "tpot_p99_ms": 131.7450757799088,
    "ttft_p99_ms": 1743.7529313081177
  },
  "pareto_eligible": true,
  "stale": false,
  "trial_id": "l3_kernel_s0003"
}