{
  "config": {
    "dtype": "float16",
    "shape_regime": "large",
    "target_op": "rmsnorm"
  },
  "failure": null,
  "layer": "l3_kernel",
  "measurement": {
    "extra": {
      "goodput": 2.684672638644362,
      "kernel_is_reference": 1.0,
      "kernel_source_sha_int": 68764619999949.0,
      "max_abs_err": 0.0,
      "max_kl_observed": 16.074901397949628,
      "tpot_p50_ms": 35.65801054192195,
      "ttft_p50_ms": 1255.2328934980324
    },
    "kl_divergence": 2.846518519163011,
    "peak_hbm_gb": 41.48828125,
    "tokens_per_sec": 569.5281314824141,
    "tpot_p99_ms": 154.5166815705791,
    "ttft_p99_ms": 1853.9053238512133
  },
  "pareto_eligible": true,
  "stale": false,
  "trial_id": "l3_kernel_s0007"
}