{
  "config": {
    "attention_backend": "FLASHINFER",
    "block_size": 32,
    "dtype": "bfloat16",
    "enable_chunked_prefill": true,
    "enable_prefix_caching": true,
    "gpu_memory_utilization": 0.86,
    "kv_cache_dtype": "auto",
    "max_num_batched_tokens": 6144,
    "max_num_seqs": 96,
    "quantization": "none"
  },
  "failure": null,
  "layer": "l1_engine",
  "measurement": {
    "extra": {
      "goodput": 3.3454780029466185,
      "max_kl": 20.419198677832725,
      "tpot_p50_ms": 27.416188223201864,
      "ttft_p50_ms": 1292.2618535812944
    },
    "kl_divergence": 2.0293875225716778,
    "peak_hbm_gb": 68.9326171875,
    "tokens_per_sec": 709.7117944688474,
    "tpot_p99_ms": 99.26445507311396,
    "ttft_p99_ms": 1489.9376134527847
  },
  "stale": true,
  "trial_id": "l1_engine_o0004"
}