{
  "config": {
    "dtype": "bfloat16",
    "enforce_eager": false,
    "gpu_count": 1,
    "gpu_memory_utilization": 0.9,
    "gpu_type": "H100"
  },
  "failure": null,
  "layer": "l2_topology",
  "measurement": {
    "extra": {
      "goodput": 4.288479774926686,
      "max_kl": 20.991414222114926,
      "tpot_p50_ms": 11.591602841730074,
      "ttft_p50_ms": 6156.459952471778
    },
    "kl_divergence": 3.806255962747536,
    "peak_hbm_gb": 0.0,
    "tokens_per_sec": 909.7607797528066,
    "tpot_p99_ms": 13.443838766326149,
    "ttft_p99_ms": 6168.4867193503305
  },
  "stale": false,
  "trial_id": "l2_topology_w0000"
}