{
  "config": {
    "dtype": "bfloat16",
    "enforce_eager": true,
    "gpu_count": 1,
    "gpu_memory_utilization": 0.85,
    "gpu_type": "A100"
  },
  "failure": null,
  "layer": "l2_topology",
  "measurement": {
    "extra": {
      "goodput": 3.2727456703028692,
      "max_kl": 20.690075460377685,
      "tpot_p50_ms": 17.41969000630275,
      "ttft_p50_ms": 7593.552877660841
    },
    "kl_divergence": 3.4965968671756285,
    "peak_hbm_gb": 0.0,
    "tokens_per_sec": 694.2823119640946,
    "tpot_p99_ms": 121.87046353394784,
    "ttft_p99_ms": 8104.078362956644
  },
  "stale": false,
  "trial_id": "l2_topology_w0003"
}