{
  "config": {
    "dtype": "bfloat16",
    "enforce_eager": false,
    "gpu_count": 1,
    "gpu_memory_utilization": 0.88,
    "gpu_type": "A100"
  },
  "failure": null,
  "layer": "l2_topology",
  "measurement": {
    "extra": {
      "goodput": 3.542118248198016,
      "max_kl": 20.419257406831463,
      "tpot_p50_ms": 15.246345238162998,
      "ttft_p50_ms": 7774.373908760026
    },
    "kl_divergence": 2.727284129499202,
    "peak_hbm_gb": 0.0,
    "tokens_per_sec": 751.4271789966322,
    "tpot_p99_ms": 110.98544017722206,
    "ttft_p99_ms": 8135.9056510496885
  },
  "stale": false,
  "trial_id": "l2_topology_w0001"
}