{
  "config": {
    "dtype": "bfloat16",
    "enforce_eager": false,
    "gpu_count": 1,
    "gpu_memory_utilization": 0.92,
    "gpu_type": "H100"
  },
  "failure": null,
  "layer": "l2_topology",
  "measurement": {
    "extra": {
      "goodput": 4.297586066196019,
      "max_kl": 20.692850210232155,
      "tpot_p50_ms": 41.9550427337676,
      "ttft_p50_ms": 1114.161903038621
    },
    "kl_divergence": 2.079452647178015,
    "peak_hbm_gb": 0.0,
    "tokens_per_sec": 911.6925940741149,
    "tpot_p99_ms": 1682.679365092578,
    "ttft_p99_ms": 1120.5223864875734
  },
  "stale": false,
  "trial_id": "l2_topology_o0004"
}