{
  "config": {
    "dtype": "bfloat16",
    "enforce_eager": false,
    "gpu_count": 2,
    "gpu_memory_utilization": 0.85,
    "gpu_type": "A100"
  },
  "failure": null,
  "layer": "l2_topology",
  "measurement": {
    "extra": {
      "goodput": 4.382394787699023,
      "max_kl": 21.003035588880532,
      "tpot_p50_ms": 10.65510576110485,
      "ttft_p50_ms": 7927.339396672323
    },
    "kl_divergence": 2.381835734009998,
    "peak_hbm_gb": 0.0,
    "tokens_per_sec": 929.6839692592131,
    "tpot_p99_ms": 85.45553018338978,
    "ttft_p99_ms": 8251.238781739958
  },
  "pareto_eligible": true,
  "stale": false,
  "trial_id": "l2_topology_w0000"
}