{
  "config": {
    "attention_backend": "FLASHINFER",
    "block_size": 32,
    "dtype": "bfloat16",
    "enable_chunked_prefill": true,
    "enable_prefix_caching": false,
    "gpu_memory_utilization": 0.9,
    "kv_cache_dtype": "auto",
    "max_num_batched_tokens": 8192,
    "max_num_seqs": 64,
    "quantization": "none"
  },
  "failure": null,
  "layer": "l1_engine",
  "measurement": {
    "extra": {
      "goodput": 2.3081186431442977,
      "max_kl": 20.352315618289698,
      "tpot_p50_ms": 39.339541391774176,
      "ttft_p50_ms": 2547.4886985000467
    },
    "kl_divergence": 3.6216829960283206,
    "peak_hbm_gb": 36.2255859375,
    "tokens_per_sec": 489.6457315307833,
    "tpot_p99_ms": 107.30827467334757,
    "ttft_p99_ms": 2777.397194459959
  },
  "pareto_eligible": true,
  "stale": true,
  "trial_id": "l1_engine_w0001"
}